<?xml version="1.0" encoding="UTF-8"?>
<!DOCTYPE plist PUBLIC "-//Apple//DTD PLIST 1.0//EN" "http://www.apple.com/DTDs/PropertyList-1.0.dtd">
<plist version="1.0">
<dict>
	<key>AllDevices</key>
	<dict>
		<key>CheckAllDeviceStatus</key>
		<dict>
			<key>ForceTaskToRun</key>
			<false/>
			<key>FrequencyInSeconds</key>
			<integer>900</integer>
			<key>From24Hour</key>
			<integer>0</integer>
			<key>LastRunTime</key>
			<integer>1737922071</integer>
			<key>LaunchTaskWhenConnectingViaUSB</key>
			<false/>
			<key>MinBattery</key>
			<integer>0</integer>
			<key>Operation</key>
			<dict>
				<key>Type</key>
				<integer>32</integer>
			</dict>
			<key>To24Hour</key>
			<integer>0</integer>
		</dict>
	</dict>
</dict>
</plist>